PassengerId,Survived,Pclass,Sex,Age,SibSp,Parch,Fare,Embarked,NormalFare
1,0,3,male,22.0,1,0,7.25,S,-0.545548717540009
2,1,1,female,38.0,1,0,71.2833,C,-0.16421697250679226
3,1,3,female,26.0,0,0,7.925,S,-0.4882391676176672
4,1,1,female,35.0,1,0,53.1,S,-0.39620489736592307
5,0,3,male,35.0,0,0,8.05,S,-0.4776262880024187
6,0,3,male,46.714041084528574,0,0,8.4583,Q,-0.4429603780271712
7,0,1,male,54.0,0,0,51.8625,S,-0.4119932887477501
8,0,3,male,2.0,3,1,21.075,S,0.6282357679064721
9,1,3,female,27.0,0,2,11.1333,S,-0.2158447542608538
10,1,2,female,14.0,1,0,30.0708,C,0.7012251047181567
11,1,3,female,4.0,1,1,16.7,S,0.25678498137277556
12,1,1,female,58.0,0,0,26.55,S,-0.7349376579214837
13,0,3,male,20.0,0,0,8.05,S,-0.4776262880024187
14,0,3,male,39.0,1,3,31.275,S,1.4942467445107475
15,0,3,female,14.0,0,0,7.8542,S,-0.49425030263174397
16,1,2,female,55.0,0,0,16.0,S,-0.3474729518668575
17,0,3,male,2.0,3,1,29.125,Q,1.3117052151284738
18,1,2,male,18.694795280119497,0,0,13.0,S,-0.5710632359839684
19,0,3,female,31.0,1,0,18.0,S,0.3671589293713597
20,1,3,female,33.513741187665765,0,0,7.225,C,-0.5476712934630587
21,0,2,male,35.0,0,0,26.0,S,0.39782799519017853
22,1,2,male,34.0,0,0,13.0,S,-0.5710632359839684
23,1,3,female,15.0,0,0,8.0292,Q,-0.4793922711703961
24,1,1,male,28.0,0,0,35.5,S,-0.6207509081296845
25,0,3,female,8.0,3,1,21.075,S,0.6282357679064721
26,1,3,female,38.0,1,3,31.3875,S,1.5037983361644711
27,0,3,male,12.810904710107422,0,0,7.225,C,-0.5476712934630587
28,0,1,male,19.0,3,2,263.0,S,2.2817614469132543
29,1,3,female,23.448722468547203,0,0,7.8792,Q,-0.49212772670869426
30,0,3,male,10.374058287727866,0,0,7.8958,S,-0.49071833629578926
31,0,1,male,40.0,0,0,27.7208,C,-0.7200002448872671
32,1,1,female,47.149777847457564,1,0,146.5208,C,0.7956853277681226
33,1,3,female,31.225957971146137,0,0,7.75,Q,-0.5030971990790151
34,0,2,male,66.0,0,0,10.5,S,-0.7573884727482273
35,0,1,male,28.0,1,0,82.1708,C,-0.025311024086880143
36,0,1,male,42.0,1,0,52.0,S,-0.41023902303865817
37,1,3,male,30.918035163893812,0,0,7.2292,C,-0.5473147007079864
38,0,3,male,21.0,0,0,8.05,S,-0.4776262880024187
39,0,3,female,18.0,2,0,18.0,S,0.3671589293713597
40,1,3,female,14.0,1,0,11.2417,C,-0.20664126505851035
41,0,3,female,40.0,1,0,9.475,S,-0.3566394603885862
42,0,2,female,27.0,1,0,21.0,S,0.025177521661660512
43,0,3,male,35.56950580543618,0,0,7.8958,C,-0.49071833629578926
44,1,2,female,3.0,1,2,41.5792,C,1.5589472466292762
45,1,3,female,19.0,0,0,7.8792,Q,-0.49212772670869426
46,0,3,male,21.92581454797664,0,0,8.05,S,-0.4776262880024187
47,0,3,male,43.39682819630203,1,0,15.5,Q,0.15490133706639025
48,1,3,female,20.698497856165133,0,0,7.75,Q,-0.5030971990790151
49,0,3,male,23.56642821297866,2,0,21.6792,C,0.6795341828147373
50,0,3,female,18.0,1,0,17.8,S,0.3501783219869622
51,0,3,male,7.0,3,1,39.6875,S,2.20849354261697
52,0,3,male,21.0,0,0,7.8,S,-0.4988520472329157
53,1,1,female,49.0,1,0,76.7292,C,-0.09473656796029394
54,1,2,female,29.0,1,0,26.0,S,0.39782799519017853
55,0,1,male,65.0,0,1,61.9792,C,-0.28292143493560545
56,1,1,male,21.87080483619704,0,0,35.5,S,-0.6207509081296845
57,1,2,female,21.0,0,0,10.5,S,-0.7573884727482273
58,0,3,male,28.5,0,0,7.2292,C,-0.5473147007079864
59,1,2,female,5.0,1,2,27.75,S,0.5282556609251599
60,0,3,male,11.0,3,2,46.9,S,2.820856696416807
61,0,3,male,22.0,0,0,7.2292,C,-0.5473147007079864
62,1,1,female,38.0,0,0,80.0,S,-0.05300673318721953
63,0,1,male,45.0,1,0,83.475,S,-0.008671654357442845
64,0,3,male,4.0,3,2,27.9,S,1.2076989948990386
65,0,1,male,30.686094944208502,0,0,27.7208,C,-0.7200002448872671
66,1,3,male,58.521624999691895,1,1,15.2458,C,0.13331898508082088
67,1,2,female,29.0,0,0,10.5,S,-0.7573884727482273
68,0,3,male,19.0,0,0,8.1583,S,-0.4684312891037674
69,1,3,female,17.0,3,2,7.925,S,-0.4882391676176672
70,0,3,male,26.0,2,0,8.6625,S,-0.42562317788770127
71,0,2,male,32.0,0,0,10.5,S,-0.7573884727482273
72,0,3,female,16.0,3,2,46.9,S,2.820856696416807
73,0,2,male,21.0,0,0,73.5,S,3.9380074937111003
74,0,3,male,26.0,1,0,14.4542,C,0.06610974105337544
75,1,3,male,32.0,0,0,56.4958,S,3.635569258112817
76,0,3,male,25.0,0,0,7.65,S,-0.5115875027712138
77,0,3,male,38.76254587248534,0,0,7.8958,S,-0.49071833629578926
78,0,3,male,73.63331628647492,0,0,8.05,S,-0.4776262880024187
79,1,2,male,0.83,0,2,29.0,S,0.6214182793072893
80,1,3,female,30.0,0,0,12.475,S,-0.10193034962262283
81,0,3,male,22.0,0,0,9.0,S,-0.39696840292653035
82,1,3,male,29.0,0,0,9.5,S,-0.3545168844655365
83,1,3,female,55.09154617537935,0,0,7.7875,Q,-0.4999133351944406
84,0,1,male,28.0,0,0,47.1,S,-0.4727546737626599
85,1,2,female,17.0,0,0,10.5,S,-0.7573884727482273
86,1,3,female,33.0,3,0,15.85,S,0.18461739998908594
87,0,3,male,16.0,1,3,34.375,S,1.7574461589689097
88,0,3,male,34.50475061250731,0,0,8.05,S,-0.4776262880024187
89,1,1,female,23.0,3,2,263.0,S,2.2817614469132543
90,0,3,male,24.0,0,0,8.05,S,-0.4776262880024187
91,0,3,male,29.0,0,0,8.05,S,-0.4776262880024187
92,0,3,male,20.0,0,0,7.8542,S,-0.49425030263174397
93,0,1,male,46.0,1,0,61.175,S,-0.2931816566319814
94,0,3,male,26.0,1,2,20.575,S,0.5857842494454782
95,0,3,male,59.0,0,0,7.25,S,-0.545548717540009
96,0,3,male,20.291515030745295,0,0,8.05,S,-0.4776262880024187
97,0,1,male,71.0,0,0,34.6542,C,-0.6315418749424111
98,1,1,male,23.0,0,1,63.3583,C,-0.26532646883081545
99,1,2,female,34.0,0,1,23.0,S,0.17423771107306774
100,0,2,male,34.0,1,0,26.0,S,0.39782799519017853
101,0,3,female,28.0,0,0,7.8958,S,-0.49071833629578926
102,0,3,male,43.583194864783486,0,0,7.8958,S,-0.49071833629578926
103,0,1,male,21.0,0,1,77.2875,S,-0.08761361126657773
104,0,3,male,33.0,0,0,8.6542,S,-0.42632787309415376
105,0,3,male,37.0,2,0,7.925,S,-0.4882391676176672
106,0,3,male,28.0,0,0,7.8958,S,-0.49071833629578926
107,1,3,female,21.0,0,0,7.65,S,-0.5115875027712138
108,1,3,male,25.79116211081104,0,0,7.775,S,-0.5009746231559654
109,0,3,male,38.0,0,0,7.8958,S,-0.49071833629578926
110,1,3,female,29.88035648415049,1,0,24.15,Q,0.8893126064415845
111,0,1,male,47.0,0,0,52.0,S,-0.41023902303865817
112,0,3,female,14.5,1,0,14.4542,C,0.06610974105337544
113,0,3,male,22.0,0,0,8.05,S,-0.4776262880024187
114,0,3,female,20.0,1,0,9.825,S,-0.3269233974658905
115,0,3,female,17.0,0,0,14.4583,C,0.06645784350475553
116,0,3,male,21.0,0,0,7.925,S,-0.4882391676176672
117,0,3,male,70.5,0,0,7.75,Q,-0.5030971990790151
118,0,2,male,29.0,1,0,21.0,S,0.025177521661660512
119,0,1,male,24.0,0,1,247.5208,C,2.0842732304465263
120,0,3,female,2.0,3,2,31.275,S,1.4942467445107475
121,0,2,male,21.0,2,0,73.5,S,3.9380074937111003
122,0,3,male,36.193273269445946,0,0,8.05,S,-0.4776262880024187
123,0,2,male,32.5,1,0,30.0708,C,0.7012251047181567
124,1,2,female,32.5,0,0,13.0,S,-0.5710632359839684
125,0,1,male,54.0,0,1,77.2875,S,-0.08761361126657773
126,1,3,male,12.0,1,0,11.2417,C,-0.20664126505851035
127,0,3,male,33.47896612340177,0,0,7.75,Q,-0.5030971990790151
128,1,3,male,24.0,0,0,7.1417,S,-0.5547437164386603
129,1,3,female,27.955715315235505,1,1,22.3583,C,0.7371918351884591
130,0,3,male,45.0,0,0,6.975,S,-0.5688970526935556
131,0,3,male,33.0,0,0,7.8958,C,-0.49071833629578926
132,0,3,male,20.0,0,0,7.05,S,-0.5625293249244065
133,0,3,female,47.0,1,0,14.5,S,0.06999830014440246
134,1,2,female,29.0,1,0,26.0,S,0.39782799519017853
135,0,2,male,25.0,0,0,13.0,S,-0.5710632359839684
136,0,2,male,23.0,0,0,15.0458,C,-0.4185895682350399
137,1,1,female,19.0,0,2,26.2833,S,-0.7383402954823186
138,0,1,male,37.0,1,0,53.1,S,-0.39620489736592307
139,0,3,male,16.0,0,0,9.2167,S,-0.37856991482553565
140,0,1,male,24.0,0,0,79.2,C,-0.06321337004011775
141,0,3,female,28.8206672303132,0,2,15.2458,C,0.13331898508082088
142,1,3,female,22.0,0,0,7.75,S,-0.5030971990790151
143,1,3,female,24.0,1,0,15.85,S,0.18461739998908594
144,0,3,male,19.0,0,0,6.75,Q,-0.5880002360010028
145,0,2,male,18.0,0,0,11.5,S,-0.6828583780425237
146,0,2,male,19.0,1,1,36.75,S,1.1990265132764923
147,1,3,male,27.0,0,0,7.7958,S,-0.49920863998798803
148,0,3,female,9.0,2,2,34.375,S,1.7574461589689097
149,0,2,male,36.5,0,2,26.0,S,0.39782799519017853
150,0,2,male,42.0,0,0,13.0,S,-0.5710632359839684
151,0,2,male,51.0,0,0,12.525,S,-0.6064650309691775
152,1,1,female,22.0,1,0,66.6,S,-0.22396790047326523
153,0,3,male,55.5,0,0,8.05,S,-0.4776262880024187
154,0,3,male,40.5,0,2,14.5,S,0.06999830014440246
155,0,3,male,38.34864551624998,0,0,7.3125,S,-0.5402422777323848
156,0,1,male,51.0,0,1,61.3792,C,-0.29057641257527916
157,1,3,female,16.0,0,0,7.7333,Q,-0.5045150797956123
158,0,3,male,30.0,0,0,8.05,S,-0.4776262880024187
159,0,3,male,35.18831478734428,0,0,8.6625,S,-0.42562317788770127
160,0,3,male,30.949313701475287,3,2,69.55,S,4.743910482699829
161,0,3,male,44.0,0,1,16.1,S,0.20584315921958304
162,1,2,female,40.0,0,0,15.75,S,-0.36610547554328343
163,0,3,male,26.0,0,0,7.775,S,-0.5009746231559654
164,0,3,male,17.0,0,0,8.6625,S,-0.42562317788770127
165,0,3,male,1.0,3,1,39.6875,S,2.20849354261697
166,1,3,male,9.0,0,2,20.525,S,0.5815390975993787
167,1,1,female,25.45568701688129,0,1,55.0,S,-0.37196413484028973
168,0,3,female,45.0,1,3,27.9,S,1.2076989948990386
169,0,1,male,32.14998893741274,0,0,25.925,S,-0.7429115929628104
170,0,3,male,28.0,0,0,56.4958,S,3.635569258112817
171,0,1,male,61.0,0,0,33.5,S,-0.6462675002619301
172,0,3,male,4.0,3,1,29.125,Q,1.3117052151284738
173,1,3,female,1.0,1,1,11.1333,S,-0.2158447542608538
174,0,3,male,21.0,0,0,7.925,S,-0.4882391676176672
175,0,1,male,56.0,0,0,30.6958,C,-0.6820443140905517
176,0,3,male,18.0,1,1,7.8542,S,-0.49425030263174397
177,0,3,male,46.31289708328138,3,1,25.4667,S,1.001104435156766
178,0,1,female,50.0,0,0,28.7125,C,-0.707347842678493
179,0,2,male,30.0,0,0,13.0,S,-0.5710632359839684
180,0,3,male,36.0,0,0,0.0,S,-1.1610957352244204
181,0,3,female,36.3951200856844,3,2,69.55,S,4.743910482699829
182,0,2,male,36.81424886831505,0,0,15.05,C,-0.4182765418372759
183,0,3,male,9.0,3,2,31.3875,S,1.5037983361644711
184,1,2,male,1.0,2,1,39.0,S,1.3667192263643255
185,1,3,female,4.0,0,2,22.025,S,0.7088936529823604
186,0,1,male,24.785594177485414,0,0,50.0,S,-0.4357556151709038
187,1,3,female,53.188633559170896,1,0,15.5,Q,0.15490133706639025
188,1,1,male,45.0,0,0,26.55,S,-0.7349376579214837
189,0,3,male,40.0,1,1,15.5,Q,0.15490133706639025
190,0,3,male,36.0,0,0,7.8958,S,-0.49071833629578926
191,1,2,female,32.0,0,0,13.0,S,-0.5710632359839684
192,0,2,male,19.0,0,0,13.0,S,-0.5710632359839684
193,1,3,female,19.0,1,0,7.8542,S,-0.49425030263174397
194,1,2,male,3.0,1,1,26.0,S,0.39782799519017853
195,1,1,female,44.0,0,0,27.7208,C,-0.7200002448872671
196,1,1,female,58.0,0,0,146.5208,C,0.7956853277681226
197,0,3,male,16.566235274436856,0,0,7.75,Q,-0.5030971990790151
198,0,3,male,42.0,0,1,8.4042,S,-0.44755363232465073
199,1,3,female,33.690919554372456,0,0,7.75,Q,-0.5030971990790151
200,0,2,female,24.0,0,0,13.0,S,-0.5710632359839684
201,0,3,male,28.0,0,0,9.5,S,-0.3545168844655365
202,0,3,male,0.0,3,2,69.55,S,4.743910482699829
203,0,3,male,34.0,0,0,6.4958,S,-0.6095825879865722
204,0,3,male,45.5,0,0,7.225,C,-0.5476712934630587
205,1,3,male,18.0,0,0,8.05,S,-0.4776262880024187
206,0,3,female,2.0,0,1,10.4625,S,-0.2727977114281232
207,0,3,male,32.0,1,0,15.85,S,0.18461739998908594
208,1,3,male,26.0,0,0,18.7875,C,0.43402007094742523
209,1,3,female,16.0,0,0,7.75,Q,-0.5030971990790151
210,1,1,male,40.0,0,0,31.0,C,-0.6781632404272371
211,0,3,male,24.0,0,0,7.05,S,-0.5625293249244065
212,1,2,female,35.0,0,0,21.0,S,0.025177521661660512
213,0,3,male,22.0,0,0,7.25,S,-0.545548717540009
214,0,2,male,30.0,0,0,13.0,S,-0.5710632359839684
215,0,3,male,34.11038455932511,1,0,7.75,Q,-0.5030971990790151
216,1,1,female,31.0,1,0,113.275,C,0.371525568413017
217,1,3,female,27.0,0,0,7.925,S,-0.4882391676176672
218,0,2,male,42.0,1,0,27.0,S,0.4723580898958821
219,1,1,female,32.0,0,0,76.2917,C,-0.10031832248922266
220,0,2,male,30.0,0,0,10.5,S,-0.7573884727482273
221,1,3,male,16.0,0,0,8.05,S,-0.4776262880024187
222,0,2,male,27.0,0,0,13.0,S,-0.5710632359839684
223,0,3,male,51.0,0,0,8.05,S,-0.4776262880024187
224,0,3,male,39.033280806935515,0,0,7.8958,S,-0.49071833629578926
225,1,1,male,38.0,1,0,90.0,S,0.07457622747400855
226,0,3,male,22.0,0,0,9.35,S,-0.36725234000383467
227,1,2,male,19.0,0,0,10.5,S,-0.7573884727482273
228,0,3,male,20.5,0,0,7.25,S,-0.545548717540009
229,0,2,male,18.0,0,0,13.0,S,-0.5710632359839684
230,0,3,female,23.577686988358025,3,1,25.4667,S,1.001104435156766
231,1,1,female,35.0,1,0,83.475,S,-0.008671654357442845
232,0,3,male,29.0,0,0,7.775,S,-0.5009746231559654
233,0,2,male,59.0,0,0,13.5,S,-0.5337981886311165
234,1,3,female,5.0,3,2,31.3875,S,1.5037983361644711
235,0,2,male,24.0,0,0,10.5,S,-0.7573884727482273
236,0,3,female,21.661583890602454,0,0,7.55,S,-0.5200778064634126
237,0,2,male,44.0,1,0,26.0,S,0.39782799519017853
238,1,2,female,8.0,0,2,26.25,S,0.41646051886660446
239,0,2,male,19.0,0,0,10.5,S,-0.7573884727482273
240,0,2,male,33.0,0,0,12.275,S,-0.6250975546456035
241,0,3,female,36.361916487643214,1,0,14.4542,C,0.06610974105337544
242,1,3,female,6.22088573704816,1,0,15.5,Q,0.15490133706639025
243,0,2,male,29.0,0,0,10.5,S,-0.7573884727482273
244,0,3,male,22.0,0,0,7.125,S,-0.5561615971552575
245,0,3,male,30.0,0,0,7.225,C,-0.5476712934630587
246,0,1,male,44.0,2,0,90.0,Q,0.07457622747400855
247,0,3,female,25.0,0,0,7.775,S,-0.5009746231559654
248,1,2,female,24.0,0,2,14.5,S,-0.4592680939254129
249,1,1,male,37.0,1,1,52.5542,S,-0.4031683753588129
250,0,2,male,54.0,1,0,26.0,S,0.39782799519017853
251,0,3,male,23.41531634418031,0,0,7.25,S,-0.545548717540009
252,0,3,female,29.0,1,1,10.4625,S,-0.2727977114281232
253,0,1,male,62.0,0,0,26.55,S,-0.7349376579214837
254,0,3,male,30.0,1,0,16.1,S,0.20584315921958304
255,0,3,female,41.0,0,2,20.2125,S,0.5550068985612575
256,1,3,female,29.0,0,2,15.2458,C,0.13331898508082088
257,1,1,female,39.559471732412995,0,0,79.2,C,-0.06321337004011775
258,1,1,female,30.0,0,0,86.5,S,0.029922191242578722
259,1,1,female,35.0,0,0,512.3292,C,5.462777198442801
260,1,2,female,50.0,0,1,26.0,S,0.39782799519017853
261,0,3,male,24.21609975603062,0,0,7.75,Q,-0.5030971990790151
262,1,3,male,3.0,3,2,31.3875,S,1.5037983361644711
263,0,1,male,52.0,1,1,79.65,S,-0.057472136810362444
264,0,1,male,40.0,0,0,0.0,S,-1.0736704184770443
265,0,3,female,50.49282003836801,0,0,7.75,Q,-0.5030971990790151
266,0,2,male,36.0,0,0,10.5,S,-0.7573884727482273
267,0,3,male,16.0,3,1,39.6875,S,2.20849354261697
268,1,3,male,25.0,1,0,7.775,S,-0.5009746231559654
269,1,1,female,58.0,0,1,153.4625,S,0.8842495915703273
270,1,1,female,35.0,0,0,135.6333,S,0.6567793793482104
271,0,1,male,34.560406958771566,0,0,31.0,S,-0.6781632404272371
272,1,3,male,25.0,0,0,0.0,S,-1.1610957352244204
273,1,2,female,41.0,0,1,19.5,S,-0.0866176203968949
274,0,1,male,37.0,0,1,29.7,C,-0.6947490253131967
275,1,3,female,41.889231263670816,0,0,7.75,Q,-0.5030971990790151
276,1,1,female,63.0,1,0,77.9583,S,-0.07905534626542254
277,0,3,female,45.0,0,0,7.75,S,-0.5030971990790151
278,0,2,male,27.395322481796278,0,0,0.0,S,-1.5399544671581151
279,0,3,male,7.0,3,1,29.125,Q,1.3117052151284738
280,1,3,female,35.0,1,1,20.25,S,0.5581907624458322
281,0,3,male,65.0,0,0,7.75,Q,-0.5030971990790151
282,0,3,male,28.0,0,0,7.8542,S,-0.49425030263174397
283,0,3,male,16.0,0,0,9.5,S,-0.3545168844655365
284,1,3,male,19.0,0,0,8.05,S,-0.4776262880024187
285,0,1,male,67.07430027965529,0,0,26.0,S,-0.7419547207578512
286,0,3,male,33.0,0,0,8.6625,C,-0.42562317788770127
287,1,3,male,30.0,0,0,9.5,S,-0.3545168844655365
288,0,3,male,22.0,0,0,7.8958,S,-0.49071833629578926
289,1,2,male,42.0,0,0,13.0,S,-0.5710632359839684
290,1,3,female,22.0,0,0,7.75,Q,-0.5030971990790151
291,1,1,female,26.0,0,0,78.85,S,-0.06767877366326083
292,1,1,female,19.0,1,0,91.0792,C,0.08834498058856828
293,0,2,male,36.0,0,0,12.875,C,-0.5803794978221812
294,0,3,female,24.0,0,0,8.85,S,-0.40970385846482854
295,0,3,male,24.0,0,0,7.8958,S,-0.49071833629578926
296,0,1,male,9.71881170305753,0,0,27.7208,C,-0.7200002448872671
297,0,3,male,23.5,0,0,7.2292,C,-0.5473147007079864
298,0,1,female,2.0,1,2,151.55,S,0.8598493503438676
299,1,1,male,49.74182006781719,0,0,30.5,S,-0.6845423884602986
300,1,1,female,50.0,0,1,247.5208,C,2.0842732304465263
301,1,3,female,13.12062676787426,0,0,7.75,Q,-0.5030971990790151
302,1,3,male,17.083679169128416,2,0,23.25,Q,0.8128998732117956
303,0,3,male,19.0,0,0,0.0,S,-1.1610957352244204
304,1,2,female,39.33192761422603,0,0,12.35,Q,-0.6195077975426757
305,0,3,male,11.436017767988325,0,0,8.05,S,-0.4776262880024187
306,1,1,male,0.92,1,2,151.55,S,0.8598493503438676
307,1,1,female,12.4643546162153,0,0,110.8833,C,0.3410115517116711
308,1,1,female,17.0,1,0,108.9,C,0.3157080231237297
309,0,2,male,30.0,1,0,24.0,C,0.24876780577877133
310,1,1,female,30.0,0,0,56.9292,C,-0.3473508300695256
311,1,1,female,24.0,0,0,83.1583,C,-0.012712206721583906
312,1,1,female,18.0,2,2,262.375,C,2.2737875118719275
313,0,2,female,26.0,1,1,26.0,S,0.39782799519017853
314,0,3,male,28.0,0,0,7.8958,S,-0.49071833629578926
315,0,2,male,43.0,1,1,26.25,S,0.41646051886660446
316,1,3,female,26.0,0,0,7.8542,S,-0.49425030263174397
317,1,2,female,24.0,1,0,26.0,S,0.39782799519017853
318,0,2,male,54.0,0,0,14.0,S,-0.49653314127826476
319,1,1,female,31.0,0,2,164.8667,S,1.029747751567605
320,1,1,female,40.0,1,1,134.5,C,0.6423204024164735
321,0,3,male,22.0,0,0,7.25,S,-0.545548717540009
322,0,3,male,27.0,0,0,7.8958,S,-0.49071833629578926
323,1,2,female,30.0,0,0,12.35,Q,-0.6195077975426757
324,1,2,female,22.0,1,1,29.0,S,0.6214182793072893
325,0,3,male,24.986653923080937,3,2,69.55,S,4.743910482699829
326,1,1,female,36.0,0,0,135.6333,C,0.6567793793482104
327,0,3,male,61.0,0,0,6.2375,S,-0.6315130424235216
328,1,2,female,36.0,0,0,13.0,S,-0.5710632359839684
329,1,3,female,31.0,1,1,20.525,S,0.5815390975993787
330,1,1,female,16.0,0,1,57.9792,C,-0.33395461920009667
331,1,3,female,21.7044860777018,2,0,23.25,Q,0.8128998732117956
332,0,1,male,45.5,0,0,28.5,S,-0.7100589805925441
333,0,1,male,38.0,0,1,153.4625,S,0.8842495915703273
334,0,3,male,16.0,2,0,18.0,S,0.3671589293713597
335,1,1,female,35.73707347196179,1,0,133.65,S,0.6314758507602692
336,0,3,male,23.66786956971196,0,0,7.8958,S,-0.49071833629578926
337,0,1,male,29.0,1,0,66.6,S,-0.22396790047326523
338,1,1,female,41.0,0,0,134.5,C,0.6423204024164735
339,1,3,male,45.0,0,0,8.05,S,-0.4776262880024187
340,0,1,male,45.0,0,0,35.5,S,-0.6207509081296845
341,1,2,male,2.0,1,1,26.0,S,0.39782799519017853
342,1,1,female,24.0,3,2,263.0,S,2.2817614469132543
343,0,2,male,28.0,0,0,13.0,S,-0.5710632359839684
344,0,2,male,25.0,0,0,13.0,S,-0.5710632359839684
345,0,2,male,36.0,0,0,13.0,S,-0.5710632359839684
346,1,2,female,24.0,0,0,13.0,S,-0.5710632359839684
347,1,2,female,40.0,0,0,13.0,S,-0.5710632359839684
348,1,3,female,15.805505764966817,1,0,16.1,S,0.20584315921958304
349,1,3,male,3.0,1,1,15.9,S,0.18886255183518538
350,0,3,male,42.0,0,0,8.6625,S,-0.42562317788770127
351,0,3,male,23.0,0,0,9.225,S,-0.37786521961908315
352,0,1,male,29.818755450758985,0,0,35.0,S,-0.6271300561627459
353,0,3,male,15.0,1,1,7.2292,C,-0.5473147007079864
354,0,3,male,25.0,1,0,17.8,S,0.3501783219869622
355,0,3,male,34.98128706196788,0,0,7.225,C,-0.5476712934630587
356,0,3,male,28.0,0,0,9.5,S,-0.3545168844655365
357,1,1,female,22.0,0,1,55.0,S,-0.37196413484028973
358,0,2,female,38.0,0,0,13.0,S,-0.5710632359839684
359,1,3,female,30.14562097962621,0,0,7.8792,Q,-0.49212772670869426
360,1,3,female,34.165564301615994,0,0,7.8792,Q,-0.49212772670869426
361,0,3,male,40.0,1,3,27.9,S,1.2076989948990386
362,0,2,male,29.0,1,0,27.7208,C,0.5260793821597534
363,0,3,female,45.0,0,1,14.4542,C,0.06610974105337544
364,0,3,male,35.0,0,0,7.05,S,-0.5625293249244065
365,0,3,male,32.36881572841523,1,0,15.5,Q,0.15490133706639025
366,0,3,male,30.0,0,0,7.25,S,-0.545548717540009
367,1,1,female,60.0,1,0,75.25,C,-0.11360863950130287
368,1,3,female,15.722065537115308,0,0,7.2292,C,-0.5473147007079864
369,1,3,female,29.934957723070088,0,0,7.75,Q,-0.5030971990790151
370,1,1,female,24.0,0,0,69.3,C,-0.18952050109473362
371,1,1,male,25.0,1,0,55.4417,C,-0.36632879546788333
372,0,3,male,18.0,1,0,6.4958,S,-0.6095825879865722
373,0,3,male,19.0,0,0,8.05,S,-0.4776262880024187
374,0,1,male,22.0,0,0,135.6333,C,0.6567793793482104
375,0,3,female,3.0,3,1,21.075,S,0.6282357679064721
376,1,1,female,23.647752235961867,1,0,82.1708,C,-0.025311024086880143
377,1,3,female,22.0,0,0,7.25,S,-0.545548717540009
378,0,1,male,27.0,0,2,211.5,C,1.6247091995079297
379,0,3,male,20.0,0,0,4.0125,C,-0.8204222995749445
380,0,3,male,19.0,0,0,7.775,S,-0.5009746231559654
381,1,1,female,42.0,0,0,227.525,C,1.8291608939675479
382,1,3,female,1.0,0,2,15.7417,C,0.1754224010904347
383,0,3,male,32.0,0,0,7.925,S,-0.4882391676176672
384,1,1,female,35.0,1,0,52.0,S,-0.41023902303865817
385,0,3,male,30.825240069888444,0,0,7.8958,S,-0.49071833629578926
386,0,2,male,18.0,0,0,73.5,S,3.9380074937111003
387,0,3,male,1.0,3,2,46.9,S,2.820856696416807
388,1,2,female,36.0,0,0,13.0,S,-0.5710632359839684
389,0,3,male,39.18016054002022,0,0,7.7292,Q,-0.5048631822469924
390,1,2,female,17.0,0,0,12.0,C,-0.645593330689672
391,1,1,male,36.0,1,2,120.0,S,0.4573251094576928
392,1,3,male,21.0,0,0,7.7958,S,-0.49920863998798803
393,0,3,male,28.0,2,0,7.925,S,-0.4882391676176672
394,1,1,female,23.0,1,0,113.275,C,0.371525568413017
395,1,3,female,24.0,0,2,16.7,S,0.25678498137277556
396,0,3,male,22.0,0,0,7.7958,S,-0.49920863998798803
397,0,3,female,31.0,0,0,7.8542,S,-0.49425030263174397
398,0,2,male,46.0,0,0,26.0,S,0.39782799519017853
399,0,2,male,23.0,0,0,10.5,S,-0.7573884727482273
400,1,2,female,28.0,0,0,12.65,S,-0.5971487691309646
401,1,3,male,39.0,0,0,7.925,S,-0.4882391676176672
402,0,3,male,26.0,0,0,8.05,S,-0.4776262880024187
403,0,3,female,21.0,1,0,9.825,S,-0.3269233974658905
404,0,3,male,28.0,1,0,15.85,S,0.18461739998908594
405,0,3,female,20.0,0,0,8.6625,S,-0.42562317788770127
406,0,2,male,34.0,1,0,21.0,S,0.025177521661660512
407,0,3,male,51.0,0,0,7.75,S,-0.5030971990790151
408,1,2,male,3.0,1,1,18.75,S,-0.1425151914261726
409,0,3,male,21.0,0,0,7.775,S,-0.5009746231559654
410,0,3,female,34.909720996182806,3,1,25.4667,S,1.001104435156766
411,0,3,male,13.111774028783223,0,0,7.8958,S,-0.49071833629578926
412,0,3,male,20.040034625335423,0,0,6.8583,Q,-0.5788052371023517
413,1,1,female,33.0,1,0,90.0,Q,0.07457622747400855
414,0,2,male,27.998108888801948,0,0,0.0,S,-1.5399544671581151
415,1,3,male,44.0,0,0,7.925,S,-0.4882391676176672
416,0,3,female,5.148219750711199,0,0,8.05,S,-0.4776262880024187
417,1,2,female,34.0,1,1,32.5,S,0.882273610777252
418,1,2,female,18.0,0,2,13.0,S,-0.5710632359839684
419,0,2,male,30.0,0,0,13.0,S,-0.5710632359839684
420,0,3,female,10.0,0,2,24.15,S,0.8893126064415845
421,0,3,male,37.91962262945295,0,0,7.8958,C,-0.49071833629578926
422,0,3,male,21.0,0,0,7.7333,Q,-0.5045150797956123
423,0,3,male,29.0,0,0,7.875,S,-0.49248431946376664
424,0,3,female,28.0,1,1,14.4,S,0.061507996452203714
425,0,3,male,18.0,1,1,20.2125,S,0.5550068985612575
426,0,3,male,19.518636790438674,0,0,7.25,S,-0.545548717540009
427,1,2,female,28.0,1,0,26.0,S,0.39782799519017853
428,1,2,female,19.0,0,0,26.0,S,0.39782799519017853
429,0,3,male,55.369953393162895,0,0,7.75,Q,-0.5030971990790151
430,1,3,male,32.0,0,0,8.05,S,-0.4776262880024187
431,1,1,male,28.0,0,0,26.55,S,-0.7349376579214837
432,1,3,female,39.93327009205819,1,0,16.1,S,0.20584315921958304
433,1,2,female,42.0,1,0,26.0,S,0.39782799519017853
434,0,3,male,17.0,0,0,7.125,S,-0.5561615971552575
435,0,1,male,50.0,1,0,55.9,S,-0.3604816683807792
436,1,1,female,14.0,1,2,120.0,S,0.4573251094576928
437,0,3,female,21.0,2,2,34.375,S,1.7574461589689097
438,1,2,female,24.0,2,3,18.75,S,-0.1425151914261726
439,0,1,male,64.0,1,3,263.0,S,2.2817614469132543
440,0,2,male,31.0,0,0,10.5,S,-0.7573884727482273
441,1,2,female,45.0,1,1,26.25,S,0.41646051886660446
442,0,3,male,20.0,0,0,9.5,S,-0.3545168844655365
443,0,3,male,25.0,1,0,7.775,S,-0.5009746231559654
444,1,2,female,28.0,0,0,13.0,S,-0.5710632359839684
445,1,3,male,40.01158326514459,0,0,8.1125,S,-0.47231984819479444
446,1,1,male,4.0,0,2,81.8583,S,-0.029297991607543518
447,1,2,female,13.0,0,1,19.5,S,-0.0866176203968949
448,1,1,male,34.0,0,0,26.55,S,-0.7349376579214837
449,1,3,female,5.0,2,1,19.2583,C,0.4739924207302968
450,1,1,male,52.0,0,0,30.5,S,-0.6845423884602986
451,0,2,male,36.0,1,2,27.75,S,0.5282556609251599
452,0,3,male,28.278885841273528,1,0,19.9667,S,0.534137732085833
453,0,1,male,30.0,0,0,27.75,C,-0.7196277026421363
454,1,1,male,49.0,1,0,89.1042,C,0.06314734585797581
455,0,3,male,25.6563725652803,0,0,8.05,S,-0.4776262880024187
456,1,3,male,29.0,0,0,7.8958,C,-0.49071833629578926
457,0,1,male,65.0,0,0,26.55,S,-0.7349376579214837
458,1,1,female,29.289306147518065,1,0,51.8625,S,-0.4119932887477501
459,1,2,female,50.0,0,0,10.5,S,-0.7573884727482273
460,0,3,male,35.75277086969261,0,0,7.75,Q,-0.5030971990790151
461,1,1,male,48.0,0,0,26.55,S,-0.7349376579214837
462,0,3,male,34.0,0,0,8.05,S,-0.4776262880024187
463,0,1,male,47.0,0,0,38.5,S,-0.582476019931316
464,0,2,male,48.0,0,0,13.0,S,-0.5710632359839684
465,0,3,male,19.127118498434534,0,0,8.05,S,-0.4776262880024187
466,0,3,male,38.0,0,0,7.05,S,-0.5625293249244065
467,0,2,male,25.745563391277244,0,0,0.0,S,-1.5399544671581151
468,0,1,male,56.0,0,0,26.55,S,-0.7349376579214837
469,0,3,male,40.071033690857014,0,0,7.725,Q,-0.5052197750020648
470,1,3,female,0.75,2,1,19.2583,C,0.4739924207302968
471,0,3,male,4.606813464452205,0,0,7.25,S,-0.545548717540009
472,0,3,male,38.0,0,0,8.6625,S,-0.42562317788770127
473,1,2,female,33.0,1,2,27.75,S,0.5282556609251599
474,1,2,female,23.0,0,0,13.7917,C,-0.5120577600054628
475,0,3,female,22.0,0,0,9.8375,S,-0.32586210950436556
476,0,1,male,28.865656542801045,0,0,52.0,S,-0.41023902303865817
477,0,2,male,34.0,1,0,21.0,S,0.025177521661660512
478,0,3,male,29.0,1,0,7.0458,S,-0.5628859176794789
479,0,3,male,22.0,0,0,7.5208,S,-0.5225569751415347
480,1,3,female,2.0,0,1,12.2875,S,-0.11784966904549554
481,0,3,male,9.0,3,2,46.9,S,2.820856696416807
482,0,2,male,37.52084627065036,0,0,0.0,S,-1.5399544671581151
483,0,3,male,50.0,0,0,8.05,S,-0.4776262880024187
484,1,3,female,63.0,0,0,9.5875,S,-0.3470878687348625
485,1,1,male,25.0,1,0,91.0792,C,0.08834498058856828
486,0,3,female,13.455486638359687,3,1,25.4667,S,1.001104435156766
487,1,1,female,35.0,1,0,90.0,S,0.07457622747400855
488,0,1,male,58.0,0,0,29.7,C,-0.6947490253131967
489,0,3,male,30.0,0,0,8.05,S,-0.4776262880024187
490,1,3,male,9.0,1,1,15.9,S,0.18886255183518538
491,0,3,male,47.23137144202812,1,0,19.9667,S,0.534137732085833
492,0,3,male,21.0,0,0,7.25,S,-0.545548717540009
493,0,1,male,55.0,0,0,30.5,S,-0.6845423884602986
494,0,1,male,71.0,0,0,49.5042,C,-0.4420811783604875
495,0,3,male,21.0,0,0,8.05,S,-0.4776262880024187
496,0,3,male,25.78339101392139,0,0,14.4583,C,0.06645784350475553
497,1,1,female,54.0,1,0,78.2667,C,-0.07512068775863019
498,0,3,male,26.406807929767837,0,0,15.1,S,0.1209401222975951
499,0,1,female,25.0,1,2,151.55,S,0.8598493503438676
500,0,3,male,24.0,0,0,7.7958,S,-0.49920863998798803
501,0,3,male,17.0,0,0,8.6625,S,-0.42562317788770127
502,0,3,female,21.0,0,0,7.75,Q,-0.5030971990790151
503,0,3,female,26.03515395152871,0,0,7.6292,Q,-0.5133534859391912
504,0,3,female,37.0,0,0,9.5875,S,-0.3470878687348625
505,1,1,female,16.0,0,0,86.5,S,0.029922191242578722
506,0,1,male,18.0,1,0,108.9,C,0.3157080231237297
507,1,2,female,33.0,0,2,26.0,S,0.39782799519017853
508,1,1,male,28.27713307624829,0,0,26.55,S,-0.7349376579214837
509,0,3,male,28.0,0,0,22.525,S,0.7513451714433543
510,1,3,male,26.0,0,0,56.4958,S,3.635569258112817
511,1,3,male,29.0,0,0,7.75,Q,-0.5030971990790151
512,0,3,male,15.235748924313958,0,0,8.05,S,-0.4776262880024187
513,1,1,male,36.0,0,0,26.2875,S,-0.7382867106388409
514,1,1,female,54.0,1,0,59.4,C,-0.3158276321493494
515,0,3,male,24.0,0,0,7.4958,S,-0.5246795510645844
516,0,1,male,47.0,0,0,34.0208,S,-0.6396229796706934
517,1,2,female,34.0,0,0,10.5,S,-0.7573884727482273
518,0,3,male,22.33055638923529,0,0,24.15,Q,0.8893126064415845
519,1,2,female,36.0,1,0,26.0,S,0.39782799519017853
520,0,3,male,32.0,0,0,7.8958,S,-0.49071833629578926
521,1,1,female,30.0,0,0,93.5,S,0.11923026370543838
522,0,3,male,22.0,0,0,7.8958,S,-0.49071833629578926
523,0,3,male,0.0,0,0,7.225,C,-0.5476712934630587
524,1,1,female,44.0,0,1,57.9792,C,-0.33395461920009667
525,0,3,male,0.0,0,0,7.2292,C,-0.5473147007079864
526,0,3,male,40.5,0,0,7.75,Q,-0.5030971990790151
527,1,2,female,50.0,0,0,10.5,S,-0.7573884727482273
528,0,1,male,5.709119081928069,0,0,221.7792,S,1.7558542764308194
529,0,3,male,39.0,0,0,7.925,S,-0.4882391676176672
530,0,2,male,23.0,2,1,11.5,S,-0.6828583780425237
531,1,2,female,2.0,1,1,26.0,S,0.39782799519017853
532,0,3,male,37.75818044390112,0,0,7.2292,C,-0.5473147007079864
533,0,3,male,17.0,1,1,7.2292,C,-0.5473147007079864
534,1,3,female,20.004596615534275,0,2,22.3583,C,0.7371918351884591
535,0,3,female,30.0,0,0,8.6625,S,-0.42562317788770127
536,1,2,female,7.0,0,2,26.25,S,0.41646051886660446
537,0,1,male,45.0,0,0,26.55,S,-0.7349376579214837
538,1,1,female,30.0,0,0,106.425,C,0.28413124036007564
539,0,3,male,37.236989861548004,0,0,14.5,S,0.06999830014440246
540,1,1,female,22.0,0,2,49.5,C,-0.44213476320396516
541,1,1,female,36.0,0,2,71.0,S,-0.1678313977823248
542,0,3,female,9.0,3,2,31.275,S,1.4942467445107475
543,0,3,female,11.0,3,2,31.275,S,1.4942467445107475
544,1,2,male,32.0,1,0,26.0,S,0.39782799519017853
545,0,1,male,50.0,1,0,106.425,C,0.28413124036007564
546,0,1,male,64.0,0,0,26.0,S,-0.7419547207578512
547,1,2,female,19.0,1,0,26.0,S,0.39782799519017853
548,1,2,male,19.874738474223488,0,0,13.8625,C,-0.5067810293002989
549,0,3,male,33.0,1,1,20.525,S,0.5815390975993787
550,1,2,male,8.0,1,1,36.75,S,1.1990265132764923
551,1,1,male,17.0,0,2,110.8833,C,0.3410115517116711
552,0,2,male,27.0,0,0,26.0,S,0.39782799519017853
553,0,3,male,24.855186140656144,0,0,7.8292,Q,-0.4963728785547936
554,1,3,male,22.0,0,0,7.225,C,-0.5476712934630587
555,1,3,female,22.0,0,0,7.775,S,-0.5009746231559654
556,0,1,male,62.0,0,0,26.55,S,-0.7349376579214837
557,1,1,female,48.0,1,0,39.6,C,-0.5684418942585809
558,0,1,male,20.242499019403077,0,0,227.525,C,1.8291608939675479
559,1,1,female,39.0,1,1,79.65,S,-0.057472136810362444
560,1,3,female,36.0,1,0,17.4,S,0.3162171072181669
561,0,3,male,36.701903890719535,0,0,7.75,Q,-0.5030971990790151
562,0,3,male,40.0,0,0,7.8958,S,-0.49071833629578926
563,0,2,male,28.0,0,0,13.5,S,-0.5337981886311165
564,0,3,male,7.782825038783109,0,0,8.05,S,-0.4776262880024187
565,0,3,female,10.26380609392136,0,0,8.05,S,-0.4776262880024187
566,0,3,male,24.0,2,0,24.15,S,0.8893126064415845
567,0,3,male,19.0,0,0,7.8958,S,-0.49071833629578926
568,0,3,female,29.0,0,3,21.075,S,0.6282357679064721
569,0,3,male,23.834571429613383,0,0,7.2292,C,-0.5473147007079864
570,1,3,male,32.0,0,0,7.8542,S,-0.49425030263174397
571,1,2,male,62.0,0,0,10.5,S,-0.7573884727482273
572,1,1,female,53.0,2,0,51.4792,S,-0.41688354362989494
573,1,1,male,36.0,0,0,26.3875,S,-0.7370108810322286
574,1,3,female,38.0547316813022,0,0,7.75,Q,-0.5030971990790151
575,0,3,male,16.0,0,0,8.05,S,-0.4776262880024187
576,0,3,male,19.0,0,0,14.5,S,0.06999830014440246
577,1,2,female,34.0,0,0,13.0,S,-0.5710632359839684
578,1,1,female,39.0,1,0,55.9,S,-0.3604816683807792
579,0,3,female,22.84863902576376,1,0,14.4583,C,0.06645784350475553
580,1,3,male,32.0,0,0,7.925,S,-0.4882391676176672
581,1,2,female,25.0,1,1,30.0,S,0.6959483740129929
582,1,1,female,39.0,1,1,110.8833,C,0.3410115517116711
583,0,2,male,54.0,0,0,26.0,S,0.39782799519017853
584,0,1,male,36.0,0,0,40.125,C,-0.5617437888238666
585,0,3,male,19.91109144605076,0,0,8.7125,C,-0.4213780260416018
586,1,1,female,18.0,0,2,79.65,S,-0.057472136810362444
587,0,2,male,47.0,0,0,15.0,S,-0.4220030465725611
588,1,1,male,60.0,1,1,79.2,C,-0.06321337004011775
589,0,3,male,22.0,0,0,8.05,S,-0.4776262880024187
590,0,3,male,16.706687762442602,0,0,8.05,S,-0.4776262880024187
591,0,3,male,35.0,0,0,7.125,S,-0.5561615971552575
592,1,1,female,52.0,1,0,78.2667,C,-0.07512068775863019
593,0,3,male,47.0,0,0,7.25,S,-0.545548717540009
594,0,3,female,27.85529506390198,0,2,7.75,Q,-0.5030971990790151
595,0,2,male,37.0,1,0,26.0,S,0.39782799519017853
596,0,3,male,36.0,1,1,24.15,S,0.8893126064415845
597,1,2,female,21.759241311998686,0,0,33.0,S,0.9195386581301038
598,0,3,male,49.0,0,0,0.0,S,-1.1610957352244204
599,0,3,male,7.571184545717031,0,0,7.225,C,-0.5476712934630587
600,1,1,male,49.0,1,0,56.9292,C,-0.3473508300695256
601,1,2,female,24.0,2,1,27.0,S,0.4723580898958821
602,0,3,male,47.03225574510258,0,0,7.8958,S,-0.49071833629578926
603,0,1,male,14.02425118188608,0,0,42.4,S,-0.5327186652734371
604,0,3,male,44.0,0,0,8.05,S,-0.4776262880024187
605,1,1,male,35.0,0,0,26.55,C,-0.7349376579214837
606,0,3,male,36.0,1,0,15.55,S,0.1591464889124897
607,0,3,male,30.0,0,0,7.8958,S,-0.49071833629578926
608,1,1,male,27.0,0,0,30.5,S,-0.6845423884602986
609,1,2,female,22.0,1,2,41.5792,C,1.5589472466292762
610,1,1,female,40.0,0,0,153.4625,S,0.8842495915703273
611,0,3,female,39.0,1,3,31.275,S,1.4942467445107475
612,0,3,male,20.030238526444485,0,0,7.05,S,-0.5625293249244065
613,1,3,female,6.476129277220814,1,0,15.5,Q,0.15490133706639025
614,0,3,male,40.70543376640781,0,0,7.75,Q,-0.5030971990790151
615,0,3,male,35.0,0,0,8.05,S,-0.4776262880024187
616,1,2,female,24.0,1,2,65.0,S,3.3045016887126195
617,0,3,male,34.0,1,1,14.4,S,0.061507996452203714
618,0,3,female,26.0,1,0,16.1,S,0.20584315921958304
619,1,2,female,4.0,2,1,39.0,S,1.3667192263643255
620,0,2,male,26.0,0,0,10.5,S,-0.7573884727482273
621,0,3,male,27.0,1,0,14.4542,C,0.06610974105337544
622,1,1,male,42.0,1,0,52.5542,S,-0.4031683753588129
623,1,3,male,20.0,1,1,15.7417,C,0.1754224010904347
624,0,3,male,21.0,0,0,7.8542,S,-0.49425030263174397
625,0,3,male,21.0,0,0,16.1,S,0.20584315921958304
626,0,1,male,61.0,0,0,32.3208,S,-0.6613120829831022
627,0,2,male,57.0,0,0,12.35,Q,-0.6195077975426757
628,1,1,female,21.0,0,0,77.9583,S,-0.07905534626542254
629,0,3,male,26.0,0,0,7.8958,S,-0.49071833629578926
630,0,3,male,35.28752274467399,0,0,7.7333,Q,-0.5045150797956123
631,1,1,male,80.0,0,0,30.0,S,-0.69092153649336
632,0,3,male,51.0,0,0,7.0542,S,-0.5621727321693342
633,1,1,male,32.0,0,0,30.5,C,-0.6845423884602986
634,0,1,male,26.94052370246878,0,0,0.0,S,-1.0736704184770443
635,0,3,female,9.0,3,2,27.9,S,1.2076989948990386
636,1,2,female,28.0,0,0,13.0,S,-0.5710632359839684
637,0,3,male,32.0,0,0,7.925,S,-0.4882391676176672
638,0,2,male,31.0,1,1,26.25,S,0.41646051886660446
639,0,3,female,41.0,0,3,39.6875,S,2.20849354261697
640,0,3,male,18.024135382445287,1,0,16.1,S,0.20584315921958304
641,0,3,male,20.0,0,0,7.8542,S,-0.49425030263174397
642,1,1,female,24.0,0,0,69.3,C,-0.18952050109473362
643,0,3,female,2.0,3,2,27.9,S,1.2076989948990386
644,1,3,male,28.820914206120364,0,0,56.4958,S,3.635569258112817
645,1,3,female,0.75,2,1,19.2583,C,0.4739924207302968
646,1,1,male,48.0,1,0,76.7292,C,-0.09473656796029394
647,0,3,male,19.0,0,0,7.8958,S,-0.49071833629578926
648,1,1,male,56.0,0,0,35.5,C,-0.6207509081296845
649,0,3,male,23.87100743531154,0,0,7.55,S,-0.5200778064634126
650,1,3,female,23.0,0,0,7.55,S,-0.5200778064634126
651,0,3,male,59.21088019875047,0,0,7.8958,S,-0.49071833629578926
652,1,2,female,18.0,0,1,23.0,S,0.17423771107306774
653,0,3,male,21.0,0,0,8.4333,S,-0.4450829539502209
654,1,3,female,19.729684672917067,0,0,7.8292,Q,-0.4963728785547936
655,0,3,female,18.0,0,0,6.75,Q,-0.5880002360010028
656,0,2,male,24.0,2,0,73.5,S,3.9380074937111003
657,0,3,male,26.76195562704394,0,0,7.8958,S,-0.49071833629578926
658,0,3,female,32.0,1,1,15.5,Q,0.15490133706639025
659,0,2,male,23.0,0,0,13.0,S,-0.5710632359839684
660,0,1,male,58.0,0,2,113.275,C,0.371525568413017
661,1,1,male,50.0,2,0,133.65,S,0.6314758507602692
662,0,3,male,40.0,0,0,7.225,C,-0.5476712934630587
663,0,1,male,47.0,0,0,25.5875,S,-0.7472175178851268
664,0,3,male,36.0,0,0,7.4958,S,-0.5246795510645844
665,1,3,male,20.0,1,0,7.925,S,-0.4882391676176672
666,0,2,male,32.0,2,0,73.5,S,3.9380074937111003
667,0,2,male,25.0,0,0,13.0,S,-0.5710632359839684
668,0,3,male,39.96854666206505,0,0,7.775,S,-0.5009746231559654
669,0,3,male,43.0,0,0,8.05,S,-0.4776262880024187
670,1,1,female,22.35708194962975,1,0,52.0,S,-0.41023902303865817
671,1,2,female,40.0,1,1,39.0,S,1.3667192263643255
672,0,1,male,31.0,1,0,52.0,S,-0.41023902303865817
673,0,2,male,70.0,0,0,10.5,S,-0.7573884727482273
674,1,2,male,31.0,0,0,13.0,S,-0.5710632359839684
675,0,2,male,26.690152845154316,0,0,0.0,S,-1.5399544671581151
676,0,3,male,18.0,0,0,7.775,S,-0.5009746231559654
677,0,3,male,24.5,0,0,8.05,S,-0.4776262880024187
678,1,3,female,18.0,0,0,9.8417,S,-0.3255055167492933
679,0,3,female,43.0,1,3,46.9,S,2.820856696416807
680,1,1,male,36.0,0,1,512.3292,C,5.462777198442801
681,0,3,female,22.1208601128021,0,0,8.1375,Q,-0.4701972722717449
682,1,1,male,27.0,0,0,76.7292,C,-0.09473656796029394
683,0,3,male,20.0,0,0,9.225,S,-0.37786521961908315
684,0,3,male,14.0,3,2,46.9,S,2.820856696416807
685,0,2,male,60.0,1,1,39.0,S,1.3667192263643255
686,0,2,male,25.0,1,2,41.5792,C,1.5589472466292762
687,0,3,male,14.0,3,1,39.6875,S,2.20849354261697
688,0,3,male,19.0,0,0,10.1708,S,-0.2975639272982671
689,0,3,male,18.0,0,0,7.7958,S,-0.49920863998798803
690,1,1,female,15.0,0,1,211.3375,S,1.622635976397185
691,1,1,male,31.0,1,0,57.0,S,-0.3464475427080441
692,1,3,female,4.0,0,1,13.4167,C,-0.02197715975318686
693,1,3,male,20.673983142498578,0,0,56.4958,S,3.635569258112817
694,0,3,male,25.0,0,0,7.225,C,-0.5476712934630587
695,0,1,male,60.0,0,0,26.55,S,-0.7349376579214837
696,0,2,male,52.0,0,0,13.5,S,-0.5337981886311165
697,0,3,male,44.0,0,0,8.05,S,-0.4776262880024187
698,1,3,female,43.237532198841606,0,0,7.7333,Q,-0.5045150797956123
699,0,1,male,49.0,1,1,110.8833,C,0.3410115517116711
700,0,3,male,42.0,0,0,7.65,S,-0.5115875027712138
701,1,1,female,18.0,1,0,227.525,C,1.8291608939675479
702,1,1,male,35.0,0,0,26.2875,S,-0.7382867106388409
703,0,3,female,18.0,0,1,14.4542,C,0.06610974105337544
704,0,3,male,25.0,0,0,7.7417,Q,-0.5038018942854676
705,0,3,male,26.0,1,0,7.8542,S,-0.49425030263174397
706,0,2,male,39.0,0,0,26.0,S,0.39782799519017853
707,1,2,female,45.0,0,0,13.5,S,-0.5337981886311165
708,1,1,male,42.0,0,0,26.2875,S,-0.7382867106388409
709,1,1,female,22.0,0,0,151.55,S,0.8598493503438676
710,1,3,male,35.767526612999866,1,1,15.2458,C,0.13331898508082088
711,1,1,female,24.0,0,0,49.5042,C,-0.4420811783604875
712,0,1,male,20.108246157831772,0,0,26.55,S,-0.7349376579214837
713,1,1,male,48.0,1,0,52.0,S,-0.41023902303865817
714,0,3,male,29.0,0,0,9.4833,S,-0.3559347651821337
715,0,2,male,52.0,0,0,13.0,S,-0.5710632359839684
716,0,3,male,19.0,0,0,7.65,S,-0.5115875027712138
717,1,1,female,38.0,0,0,227.525,C,1.8291608939675479
718,1,2,female,27.0,0,0,10.5,S,-0.7573884727482273
719,0,3,male,21.759396939686404,0,0,15.5,Q,0.15490133706639025
720,0,3,male,33.0,0,0,7.775,S,-0.5009746231559654
721,1,2,female,6.0,0,1,33.0,S,0.9195386581301038
722,0,3,male,17.0,1,0,7.0542,S,-0.5621727321693342
723,0,2,male,34.0,0,0,13.0,S,-0.5710632359839684
724,0,2,male,50.0,0,0,13.0,S,-0.5710632359839684
725,1,1,male,27.0,1,0,53.1,S,-0.39620489736592307
726,0,3,male,20.0,0,0,8.6625,S,-0.42562317788770127
727,1,2,female,30.0,3,0,21.0,S,0.025177521661660512
728,1,3,female,35.59480747538868,0,0,7.7375,Q,-0.50415848704054
729,0,2,male,25.0,1,0,26.0,S,0.39782799519017853
730,0,3,female,25.0,1,0,7.925,S,-0.4882391676176672
731,1,1,female,29.0,0,0,211.3375,S,1.622635976397185
732,0,3,male,11.0,0,0,18.7875,C,0.43402007094742523
733,0,2,male,23.712404289554996,0,0,0.0,S,-1.5399544671581151
734,0,2,male,23.0,0,0,13.0,S,-0.5710632359839684
735,0,2,male,23.0,0,0,13.0,S,-0.5710632359839684
736,0,3,male,28.5,0,0,16.1,S,0.20584315921958304
737,0,3,female,48.0,1,3,34.375,S,1.7574461589689097
738,1,1,male,35.0,0,0,512.3292,C,5.462777198442801
739,0,3,male,32.70301982139565,0,0,7.8958,S,-0.49071833629578926
740,0,3,male,44.920014646292216,0,0,7.8958,S,-0.49071833629578926
741,1,1,male,29.46745958016052,0,0,30.0,S,-0.69092153649336
742,0,1,male,36.0,1,0,78.85,S,-0.06767877366326083
743,1,1,female,21.0,2,2,262.375,C,2.2737875118719275
744,0,3,male,24.0,1,0,16.1,S,0.20584315921958304
745,1,3,male,31.0,0,0,7.925,S,-0.4882391676176672
746,0,1,male,70.0,1,1,71.0,S,-0.1678313977823248
747,0,3,male,16.0,1,1,20.25,S,0.5581907624458322
748,1,2,female,30.0,0,0,13.0,S,-0.5710632359839684
749,0,1,male,19.0,1,0,53.1,S,-0.39620489736592307
750,0,3,male,31.0,0,0,7.75,Q,-0.5030971990790151
751,1,2,female,4.0,1,1,23.0,S,0.17423771107306774
752,1,3,male,6.0,0,1,12.475,S,-0.10193034962262283
753,0,3,male,33.0,0,0,9.5,S,-0.3545168844655365
754,0,3,male,23.0,0,0,7.8958,S,-0.49071833629578926
755,1,2,female,48.0,1,2,65.0,S,3.3045016887126195
756,1,2,male,0.67,1,1,14.5,S,-0.4592680939254129
757,0,3,male,28.0,0,0,7.7958,S,-0.49920863998798803
758,0,2,male,18.0,0,0,11.5,S,-0.6828583780425237
759,0,3,male,34.0,0,0,8.05,S,-0.4776262880024187
760,1,1,female,33.0,0,0,86.5,S,0.029922191242578722
761,0,3,male,25.659683487361292,0,0,14.5,S,0.06999830014440246
762,0,3,male,41.0,0,0,7.125,S,-0.5561615971552575
763,1,3,male,20.0,0,0,7.2292,C,-0.5473147007079864
764,1,1,female,36.0,1,2,120.0,S,0.4573251094576928
765,0,3,male,16.0,0,0,7.775,S,-0.5009746231559654
766,1,1,female,51.0,1,0,77.9583,S,-0.07905534626542254
767,0,1,male,11.753581356535982,0,0,39.6,C,-0.5684418942585809
768,0,3,female,30.5,0,0,7.75,Q,-0.5030971990790151
769,0,3,male,41.90249858791012,1,0,24.15,Q,0.8893126064415845
770,0,3,male,32.0,0,0,8.3625,S,-0.45109408896429753
771,0,3,male,24.0,0,0,9.5,S,-0.3545168844655365
772,0,3,male,48.0,0,0,7.8542,S,-0.49425030263174397
773,0,2,female,57.0,0,0,10.5,S,-0.7573884727482273
774,0,3,male,32.70695255375197,0,0,7.225,C,-0.5476712934630587
775,1,2,female,54.0,1,3,23.0,S,0.17423771107306774
776,0,3,male,18.0,0,0,7.75,S,-0.5030971990790151
777,0,3,male,41.7097406191934,0,0,7.75,Q,-0.5030971990790151
778,1,3,female,5.0,0,0,12.475,S,-0.10193034962262283
779,0,3,male,41.671229712240695,0,0,7.7375,Q,-0.50415848704054
780,1,1,female,43.0,0,1,211.3375,S,1.622635976397185
781,1,3,female,13.0,0,0,7.2292,C,-0.5473147007079864
782,1,1,female,17.0,1,0,57.0,S,-0.3464475427080441
783,0,1,male,29.0,0,0,30.0,S,-0.69092153649336
784,0,3,male,25.25778087004005,1,2,23.45,S,0.8298804805961931
785,0,3,male,25.0,0,0,7.05,S,-0.5625293249244065
786,0,3,male,25.0,0,0,7.25,S,-0.545548717540009
787,1,3,female,18.0,0,0,7.4958,S,-0.5246795510645844
788,0,3,male,8.0,3,1,29.125,Q,1.3117052151284738
789,1,3,male,1.0,1,2,20.575,S,0.5857842494454782
790,0,1,male,46.0,0,0,79.2,C,-0.06321337004011775
791,0,3,male,29.968560660481046,0,0,7.75,Q,-0.5030971990790151
792,0,2,male,16.0,0,0,26.0,S,0.39782799519017853
793,0,3,female,35.47390144694034,3,2,69.55,S,4.743910482699829
794,0,1,male,0.0,0,0,30.6958,C,-0.6820443140905517
795,0,3,male,25.0,0,0,7.8958,S,-0.49071833629578926
796,0,2,male,39.0,0,0,13.0,S,-0.5710632359839684
797,1,1,female,49.0,0,0,25.9292,S,-0.7428580081193327
798,1,3,female,31.0,0,0,8.6833,S,-0.42385719471972394
799,0,3,male,30.0,0,0,7.2292,C,-0.5473147007079864
800,0,3,female,30.0,1,1,24.15,S,0.8893126064415845
801,0,2,male,34.0,0,0,13.0,S,-0.5710632359839684
802,1,2,female,31.0,1,1,26.25,S,0.41646051886660446
803,1,1,male,11.0,1,2,120.0,S,0.4573251094576928
804,1,3,male,0.42,0,1,8.5167,C,-0.438002040670927
805,1,3,male,27.0,0,0,6.975,S,-0.5688970526935556
806,0,3,male,31.0,0,0,7.775,S,-0.5009746231559654
807,0,1,male,39.0,0,0,0.0,S,-1.0736704184770443
808,0,3,female,18.0,0,0,7.775,S,-0.5009746231559654
809,0,2,male,39.0,0,0,13.0,S,-0.5710632359839684
810,1,1,female,33.0,1,0,53.1,S,-0.39620489736592307
811,0,3,male,26.0,0,0,7.8875,S,-0.49142303150224176
812,0,3,male,39.0,0,0,24.15,S,0.8893126064415845
813,0,2,male,35.0,0,0,10.5,S,-0.7573884727482273
814,0,3,female,6.0,3,2,31.275,S,1.4942467445107475
815,0,3,male,30.5,0,0,8.05,S,-0.4776262880024187
816,0,1,male,39.43898759882563,0,0,0.0,S,-1.0736704184770443
817,0,3,female,23.0,0,0,7.925,S,-0.4882391676176672
818,0,2,male,31.0,1,1,37.0042,C,1.2179720633506819
819,0,3,male,43.0,0,0,6.45,S,-0.6134711470775992
820,0,3,male,10.0,3,2,27.9,S,1.2076989948990386
821,1,1,female,52.0,1,1,93.5,S,0.11923026370543838
822,1,3,male,27.0,0,0,8.6625,S,-0.42562317788770127
823,0,1,male,38.0,0,0,0.0,S,-1.0736704184770443
824,1,3,female,27.0,0,1,12.475,S,-0.10193034962262283
825,0,3,male,2.0,3,1,39.6875,S,2.20849354261697
826,0,3,male,24.8446340933174,0,0,6.95,Q,-0.5710196286166053
827,0,3,male,37.74170923454975,0,0,56.4958,S,3.635569258112817
828,1,2,male,1.0,0,2,37.0042,C,1.2179720633506819
829,1,3,male,20.64971070850308,0,0,7.75,Q,-0.5030971990790151
830,1,1,female,62.0,0,0,80.0,S,-0.05300673318721953
831,1,3,female,15.0,1,0,14.4542,C,0.06610974105337544
832,1,2,male,0.83,1,1,18.75,S,-0.1425151914261726
833,0,3,male,10.338964374175593,0,0,7.2292,C,-0.5473147007079864
834,0,3,male,23.0,0,0,7.8542,S,-0.49425030263174397
835,0,3,male,18.0,0,0,8.3,S,-0.4564005287719217
836,1,1,female,39.0,1,1,83.1583,C,-0.012712206721583906
837,0,3,male,21.0,0,0,8.6625,S,-0.42562317788770127
838,0,3,male,40.30138341532427,0,0,8.05,S,-0.4776262880024187
839,1,3,male,32.0,0,0,56.4958,S,3.635569258112817
840,1,1,male,27.294144546256355,0,0,29.7,C,-0.6947490253131967
841,0,3,male,20.0,0,0,7.925,S,-0.4882391676176672
842,0,2,male,16.0,0,0,10.5,S,-0.7573884727482273
843,1,1,female,30.0,0,0,31.0,C,-0.6781632404272371
844,0,3,male,34.5,0,0,6.4375,C,-0.614532435039124
845,0,3,male,17.0,0,0,8.6625,S,-0.42562317788770127
846,0,3,male,42.0,0,0,7.55,S,-0.5200778064634126
847,0,3,male,12.06106510694142,3,2,69.55,S,4.743910482699829
848,0,3,male,35.0,0,0,7.8958,C,-0.49071833629578926
849,0,2,male,28.0,0,1,33.0,S,0.9195386581301038
850,1,1,female,6.694493037012435,1,0,89.1042,C,0.06314734585797581
851,0,3,male,4.0,3,2,31.275,S,1.4942467445107475
852,0,3,male,74.0,0,0,7.775,S,-0.5009746231559654
853,0,3,female,9.0,1,1,15.2458,C,0.13331898508082088
854,1,1,female,16.0,0,1,39.4,S,-0.5709935534718056
855,0,2,female,44.0,1,0,26.0,S,0.39782799519017853
856,1,3,female,18.0,0,1,9.35,S,-0.36725234000383467
857,1,1,female,45.0,1,1,164.8667,S,1.029747751567605
858,1,1,male,51.0,0,0,26.55,S,-0.7349376579214837
859,1,3,female,24.0,0,3,19.2583,C,0.4739924207302968
860,0,3,male,32.559652648036966,0,0,7.2292,C,-0.5473147007079864
861,0,3,male,41.0,2,0,14.1083,S,0.03674178058205983
862,0,2,male,21.0,1,0,11.5,S,-0.6828583780425237
863,1,1,female,48.0,0,0,25.9292,S,-0.7428580081193327
864,0,3,female,24.69659688491579,3,2,69.55,S,4.743910482699829
865,0,2,male,24.0,0,0,13.0,S,-0.5710632359839684
866,1,2,female,42.0,0,0,13.0,S,-0.5710632359839684
867,1,2,female,27.0,1,0,13.8583,C,-0.507094055698063
868,0,1,male,31.0,0,0,50.4958,S,-0.42943005198132006
869,0,3,male,61.56361190215921,0,0,9.5,S,-0.3545168844655365
870,1,3,male,4.0,1,1,11.1333,S,-0.2158447542608538
871,0,3,male,26.0,0,0,7.8958,S,-0.49071833629578926
872,1,1,female,47.0,1,1,52.5542,S,-0.4031683753588129
873,0,1,male,33.0,0,0,5.0,S,-1.0098789381464301
874,0,3,male,47.0,0,0,9.0,S,-0.39696840292653035
875,1,2,female,28.0,1,0,24.0,C,0.24876780577877133
876,1,3,female,15.0,0,0,7.225,C,-0.5476712934630587
877,0,3,male,20.0,0,0,9.8458,S,-0.32515741429791306
878,0,3,male,19.0,0,0,7.8958,S,-0.49071833629578926
879,0,3,male,57.20150358699165,0,0,7.8958,S,-0.49071833629578926
880,1,1,female,56.0,0,1,83.1583,C,-0.012712206721583906
881,1,2,female,25.0,0,1,26.0,S,0.39782799519017853
882,0,3,male,33.0,0,0,7.8958,S,-0.49071833629578926
883,0,3,female,22.0,0,0,10.5167,S,-0.26819596682695146
884,0,2,male,28.0,0,0,10.5,S,-0.7573884727482273
885,0,3,male,25.0,0,0,7.05,S,-0.5625293249244065
886,0,3,female,39.0,0,3,29.125,Q,1.3117052151284738
887,0,2,male,27.0,0,0,13.0,S,-0.5710632359839684
888,1,1,female,19.0,0,0,30.0,S,-0.69092153649336
889,0,3,female,11.645712305632546,1,2,23.45,S,0.8298804805961931
890,1,1,male,26.0,0,0,30.0,C,-0.69092153649336
891,0,3,male,32.0,0,0,7.75,Q,-0.5030971990790151
